,Titres,Auteur(s),Liste
0,Homo Mythologicus (2022),Pierre-Yves Lenoble,sophia_perennis
1,Orient et Occident (1924),René Guénon,sophia_perennis
2,Le symbolisme de la croix (1931),René Guénon,sophia_perennis
3,Autorité spirituelle et pouvoir temporel (1929),René Guénon,sophia_perennis
4,De l'unité transcendante des religions (1948),Frithjof Schuon,sophia_perennis
5,Les stations de la sagesse (1953),Frithjof Schuon,sophia_perennis
6,Castes et races,Frithjof Schuon,sophia_perennis
7,Principes et méthodes de l'art sacré,Titus Burckhardt,sophia_perennis
8,Science moderne et sagesse traditionnelle,Titus Burckhardt,sophia_perennis
9,"Corpus Hermeticum, tome II",Hermès Trismégiste,sophia_perennis
10,"Corpus Hermeticum, tome IV",Hermès Trismégiste,sophia_perennis
11,"Corpus Hermeticum, tome III",Hermès Trismégiste,sophia_perennis
12,"Corpus Hermeticum, tome I",Hermès Trismégiste,sophia_perennis
13,Hermès Trismégiste,Hermès Trismégiste,sophia_perennis
14,Le cycle de l'humanité adamique,Jean Phaure,sophia_perennis
15,Regards sur les mondes anciens,Frithjof Schuon,sophia_perennis
16,Symboles fondamentaux de la Science sacrée (1962),René Guénon,sophia_perennis
17,Le Règne de la quantité et les signes des temps (1945),René Guénon,sophia_perennis
18,Le Roi du monde (1927),René Guénon,sophia_perennis
19,Ennéades I (301),Plotin,sophia_perennis
20,Ennéades II (301),Plotin,sophia_perennis
21,Ennéades V (301),Plotin,sophia_perennis
22,Ennéades III (301),Plotin,sophia_perennis
23,Ennéades VI (1ère partie) (301),Plotin,sophia_perennis
24,Ennéades VI (2e partie) (301),Plotin,sophia_perennis
25,Ennéades IV (301),Plotin,sophia_perennis
26,La République,Platon,sophia_perennis
27,Pensées pour moi-même,"['Marc-Aurèle', 'Épictète']",sophia_perennis
28,L'Enfer / Inferno (1314),Dante Alighieri,sophia_perennis
29,Le Château intérieur (1577),Thérèse d'Avila,sophia_perennis
30,Aperçus sur l'Initiation (1946),René Guénon,sophia_perennis
31,La Crise du monde moderne (1927),René Guénon,sophia_perennis
32,L'Erreur spirite (1923),René Guénon,sophia_perennis
33,Révolte contre le monde moderne,Julius Evola,sophia_perennis
34,L'arc et la massue (1968),Julius Evola,sophia_perennis
35,Le Taoïsme,Julius Evola,sophia_perennis
36,La Doctrine de l'éveil,Julius Evola,sophia_perennis
37,La tradition hermétique (1931),Julius Evola,sophia_perennis
38,Le mystère du Graal (1937),Julius Evola,sophia_perennis
39,Métaphysique du sexe (1958),Julius Evola,sophia_perennis
40,Chevaucher le tigre (1961),Julius Evola,sophia_perennis
41,Le nombre d'or (1931),M.C. Ghyka,sophia_perennis
42,Philosophie et mystique du nombre (1952),M.C. Ghyka,sophia_perennis
43,L'Épopée de Gilgameš,[],sophia_perennis
44,Les Vers dorés,Pythagore,sophia_perennis
45,La Table d'émeraude,Hermès Trismégiste,sophia_perennis
46,Principes de la médecine selon la tradition,Gilles Andrès,sophia_perennis
47,Aperçus sur l'Ésotérisme Chrétien (1954),René Guénon,sophia_perennis
48,Le symbolisme du corps humain,Annick de Souzenelle,sophia_perennis
49,Traité d'histoire des religions (1949),Mircea Eliade,sophia_perennis
50,Le Traité de l'unité,Ibn Arabi,sophia_perennis
51,Le Livre de la Théologie mystique,Pseudo-Denys l'Aréopagite,sophia_perennis
52,L'éloge du vin (Al Khamriya) : Poème mystique,Ibn Al-Farid,sophia_perennis
53,La Bhagavad-Gîtâ,[],sophia_perennis
54,Le Mahâbhârata conté selon la tradition orale,Serge Demetrian,sophia_perennis
55,La République,Platon,sophia_perennis
56,De la vie au-delà des sens,Jakob Böhme,sophia_perennis
57,De la signature des choses (1622),Jakob Böhme,sophia_perennis
58,Métaphysique,Aristote,sophia_perennis
59,La Bible,[],sophia_perennis
60,Le Coran,Allah,sophia_perennis
61,"Upanishad 6, 7, 8, 9. Kausitaki upanisad, Svetasvara upanisad, Prasna upanisad, Taittiriya Upanisad",Collectif,sophia_perennis
62,Kaivalya Upanishad,Collectif,sophia_perennis
63,Le Bestiaire du Christ (2006),Louis Charbonneau-Lassay,sophia_perennis
64,Timée,Platon,sophia_perennis
65,La Hiérarchie céleste,Pseudo-Denys l'Aréopagite,sophia_perennis
66,Le Banquet,Platon,sophia_perennis
67,Le Politique,Platon,sophia_perennis
68,Le Sophiste,Platon,sophia_perennis
69,Philèbe,Platon,sophia_perennis
70,Le Sacré et le Profane,Mircea Eliade,sophia_perennis
71,De la constance du sage,Sénèque,sophia_perennis
72,Narthex - Principes traditionnels de la politique (1976),[],sophia_perennis
73,La Philosophie éternelle,Aldous Huxley,sophia_perennis
74,Les États multiples de l'être (1932),René Guénon,sophia_perennis
75,Introduction Générale à l'étude des doctrines hindoues (1921),René Guénon,sophia_perennis
76,L'Homme et son devenir selon le Vêdânta (1925),René Guénon,sophia_perennis
77,Formes traditionnelles et cycles cosmiques (1970),René Guénon,sophia_perennis
78,Théogonie,Hésiode,sophia_perennis
79,Théogonie · Les Travaux et les Jours · Le Bouclier,Hésiode,sophia_perennis
80,Phèdre (-370),Platon,sophia_perennis
81,Hymnes,Homère,sophia_perennis
82,L'Épopée de Gilgamesh,[],sophia_perennis
83,Le Mythe de l'éternel retour (1949),Mircea Eliade,sophia_perennis
84,"De l'âge de la pierre aux mystères d'Eleusis - Histoire des croyances et des idées religieuses, tome 1 (1975)",Mircea Eliade,sophia_perennis
85,Walden (1854),Henry David Thoreau,voir
86,Voir (1971),Carlos Castaneda,voir
87,Le Voyage à Ixtlan,Carlos Castaneda,voir
88,Voyage au coeur du chamanisme mexicain,Victor Sanchez,voir
89,Les Tarahumaras (1945),Antonin Artaud,voir
90,Siddhartha (1922),Hermann Hesse,voir
91,Le Cosmos et le Lotus,Trinh Xuan Thuan,voir
92,L'Homme qui plantait des arbres (1954),Jean Giono,voir
93,Le scorpion,Paul Bowles,voir
94,La Montagne magique (1924),Thomas Mann,voir
95,Entretien avec une chamane sibérienne,Pierre-Yves Brandt,voir
96,La Nature des choses,Lucrèce,voir
97,Le Chamanisme (1950),Mircea Eliade,voir
98,La Vie sans principe (1863),Henry David Thoreau,voir
99,Ainsi parlait H. D. Thoreau,Henry David Thoreau,voir
100,Walden (1854),Henry David Thoreau,voir
101,De la marche (1862),Henry David Thoreau,voir
102,Randonnée au mont Wachusett (1842),Henry David Thoreau,voir
103,Désobéir pour les animaux,Les désobéissants,voir
104,"Marcher, une philosophie (2008)",Frédéric Gros,voir
105,Le Versant animal,Jean-Christophe Bailly,voir
106,Le chemin du serpent,Fernando Pessoa,voir
107,Le Guerrier pacifique (1980),Dan Millman,voir
108,L'art de la paix (1992),Morihei Ueshiba,voir
109,Sages paroles du Dalaï-Lama,Catherine Barry,voir
110,"La Prochaine Fois, le feu (1963)",James Baldwin,voir
111,Les Quatre Accords toltèques,Don Miguel Ruiz,voir
112,Antispéciste (2016),Aymeric Caron,voir
113,Le Chat philosophe (2004),Kwong Kuen Shan,voir
114,Au fil de l'eau,Collectif,voir
115,Contes initiatiques des soufis (1970),Idries Shah,voir
116,Chamanes célestes (2016),Kevin Turner,voir
117,Le Seigneur des anneaux - Intégrale (1955),J.R.R. Tolkien,voir
118,Comme le fleuve qui coule,Paulo Coelho,voir
119,Dans les forêts de Sibérie (2011),Sylvain Tesson,voir
120,Les Forêts du Maine (1864),Henry David Thoreau,voir
121,Nadja (1928),André Breton,voir
122,Le vent se lève (1937),Tatsuo Hori,voir
123,La voie hérmetique,Françoise Bonardel,voir
124,Histoires de pouvoir,Carlos Castaneda,voir
125,Le Second Anneau de pouvoir,Carlos Castaneda,voir
126,Sri Aurobindo-Mère: Shiva-Shakti ou le laboratoire de l'homme de demain,Thérèse Brosse,voir
127,Le Livre du voyage (1997),Bernard Werber,voir
128,Le pèlerinage aux sources,Lanza Del Vasto,voir
129,Les Clochards Célestes (1958),Jack Kerouac,voir
130,The Akashic Records,Ernesto Ortiz,voir
131,Chaman des temps modernes,Alberto Villoldo,voir
132,La voie du magicien,Deepak Chopra,voir
133,L'Alchimiste (1988),Paulo Coelho,voir
134,Le voyage sacré du guerrier pacifique (1991),Dan Millman,voir
135,Petite âme et le Soleil,N.D. Walsch,voir
136,Conversations avec Dieu - 1 (1995),Neale Donald Walsch,voir
137,Conversations avec Dieu - 2 (1997),Neale Donald Walsch,voir
138,Conversations avec Dieu - 3 (1998),Neale Donald Walsch,voir
139,Conversations avec Dieu - Tome 4,Neale Donald Walsch,voir
140,Hsin Hsin Ming,Seng Ts'an,livres_que_j_ai_aimes_osho_rajneesh
141,Catégories - De l'interprétation,Aristote,livres_que_j_ai_aimes_osho_rajneesh
142,Novum Organum (1620),Francis Bacon,livres_que_j_ai_aimes_osho_rajneesh
143,Tertium Organum (1912),Petr Demianovitch Ouspensky,livres_que_j_ai_aimes_osho_rajneesh
144,Commentaires sur la vie,Krishnamurti,livres_que_j_ai_aimes_osho_rajneesh
145,"Écoute, petit homme !",Wilhelm Reich,livres_que_j_ai_aimes_osho_rajneesh
146,Alexis Zorba (1946),Níkos Kazantzákis,livres_que_j_ai_aimes_osho_rajneesh
147,Psychosynthese,R. Assagioli,livres_que_j_ai_aimes_osho_rajneesh
148,Le Prophète (1923),Khalil Gibran,livres_que_j_ai_aimes_osho_rajneesh
149,Recherches philosophiques,Ludwig Wittgenstein,livres_que_j_ai_aimes_osho_rajneesh
150,"Le sable et l'écume, et autres poèmes",Khalil Gibran,livres_que_j_ai_aimes_osho_rajneesh
151,Les Carnets du sous-sol (1864),Fiodor Dostoïevski,livres_que_j_ai_aimes_osho_rajneesh
152,Résurrection (1899),Léon Tolstoï,livres_que_j_ai_aimes_osho_rajneesh
153,Guerre et Paix (1867),Léon Tolstoï,livres_que_j_ai_aimes_osho_rajneesh
154,Anna Karénine (1878),Léon Tolstoï,livres_que_j_ai_aimes_osho_rajneesh
155,Lust For Life,Irving Stone,livres_que_j_ai_aimes_osho_rajneesh
156,Histoire de la philosophie occidentale,Bertrand Russell,livres_que_j_ai_aimes_osho_rajneesh
157,Rencontres avec des hommes remarquables (1960),Georges Gurdjieff,livres_que_j_ai_aimes_osho_rajneesh
158,Cinq leçons sur la psychanalyse (1910),Sigmund Freud,livres_que_j_ai_aimes_osho_rajneesh
159,"Les Récits hassidiques, tome 2",Martin Buber,livres_que_j_ai_aimes_osho_rajneesh
160,La Première et la Dernière Liberté (1954),Jiddu Krishnamurti,livres_que_j_ai_aimes_osho_rajneesh
161,Le Mythe de Sisyphe (1942),Albert Camus,livres_que_j_ai_aimes_osho_rajneesh
162,L'homme et son évolution possible,Petr Demianovitch Ouspensky,livres_que_j_ai_aimes_osho_rajneesh
163,Notre vie avec Gurdjieff,"['O.DE Hartmann', 'T.DE Hartmann']",livres_que_j_ai_aimes_osho_rajneesh
164,Tractatus logico-philosophicus (1921),Ludwig Wittgenstein,livres_que_j_ai_aimes_osho_rajneesh
165,Être et Temps (1927),Martin Heidegger,livres_que_j_ai_aimes_osho_rajneesh
166,"Jésus, fils de l'homme",Khalil Gibran,livres_que_j_ai_aimes_osho_rajneesh
167,Le Fou,Khalil Gibran,livres_que_j_ai_aimes_osho_rajneesh
168,Le livre de Mirdad (1948),Mikhail Naimy,livres_que_j_ai_aimes_osho_rajneesh
169,Ainsi parlait Zarathoustra (1885),Friedrich Nietzsche,livres_que_j_ai_aimes_osho_rajneesh
170,La Bible,[],livres_que_j_ai_aimes_osho_rajneesh
171,Fragments d'un enseignement inconnu,Petr Demianovitch Ouspensky,livres_que_j_ai_aimes_osho_rajneesh
172,Feuilles d'herbe (1891),Walt Whitman,livres_que_j_ai_aimes_osho_rajneesh
173,Le Mesnevi : 150 contes soufis (1200),Djalâl Al-Dîn Rûmi,livres_que_j_ai_aimes_osho_rajneesh
174,Fragments,Héraclite,livres_que_j_ai_aimes_osho_rajneesh
175,Les Chemins du zen,D. T. Suzuki,livres_que_j_ai_aimes_osho_rajneesh
176,Entretiens sur la doctrine secrète,Helena Blavatsky,livres_que_j_ai_aimes_osho_rajneesh
177,Les Vers dorés,Pythagore,livres_que_j_ai_aimes_osho_rajneesh
178,Tantra,[],livres_que_j_ai_aimes_osho_rajneesh
179,La lumière sur le sentier,Mabel Collins,livres_que_j_ai_aimes_osho_rajneesh
180,La Volonté de puissance (1901),"['Friedrich Nietzsche', 'Elisabeth Förster-Nietzsche']",livres_que_j_ai_aimes_osho_rajneesh
181,Les Soufis (1964),Idries Shah,livres_que_j_ai_aimes_osho_rajneesh
182,Les Aventures de Nasrudin (2003),Idries Shah,livres_que_j_ai_aimes_osho_rajneesh
183,L'Esprit du zen (1936),Alan Watts,livres_que_j_ai_aimes_osho_rajneesh
184,L'Homme unidimensionnel,Herbert Marcuse,livres_que_j_ai_aimes_osho_rajneesh
185,L'extase et l'agonie (1983),Irving Stone,livres_que_j_ai_aimes_osho_rajneesh
186,Le Coran,Allah,livres_que_j_ai_aimes_osho_rajneesh
187,L'importance de vivre,Lin Yutang,livres_que_j_ai_aimes_osho_rajneesh
188,La Mère,Maxime Gorki,livres_que_j_ai_aimes_osho_rajneesh
189,Pères et Fils (1862),Ivan Tourguéniev,livres_que_j_ai_aimes_osho_rajneesh
190,Pensées et méditations,Khalil Gibran,livres_que_j_ai_aimes_osho_rajneesh
191,En attendant Godot (1952),Samuel Beckett,livres_que_j_ai_aimes_osho_rajneesh
192,Le jardin du prophète,Khalil Gibran Gibran,livres_que_j_ai_aimes_osho_rajneesh
193,Les Aventures d'Alice au pays des merveilles (1865),Lewis Carroll,livres_que_j_ai_aimes_osho_rajneesh
194,De l'autre côté du miroir (1871),Lewis Carroll,livres_que_j_ai_aimes_osho_rajneesh
195,Talmud,[],livres_que_j_ai_aimes_osho_rajneesh
196,L'errant,Khalil Gibran,livres_que_j_ai_aimes_osho_rajneesh
197,La Bhagavadgita,[],livres_que_j_ai_aimes_osho_rajneesh
198,Jonathan Livingston le goéland (1970),Richard Bach,livres_que_j_ai_aimes_osho_rajneesh
199,L'Offrande lyrique,Rabindranath Tagore,livres_que_j_ai_aimes_osho_rajneesh
200,Les cent mille chants,Milarepa,livres_que_j_ai_aimes_osho_rajneesh
201,"Tao te king, un voyage illustré",Lao-Tseu (Laozi),livres_que_j_ai_aimes_osho_rajneesh
202,Fables,Ésope,livres_que_j_ai_aimes_osho_rajneesh
203,Sur l'interprétation des rêves,Carl Gustav Jung,un_chemin_spirituel
204,Introduction à la psychologie jungienne,Carl Gustav Jung,un_chemin_spirituel
205,La structure de l'âme,Carl Gustav Jung,un_chemin_spirituel
206,L'Âme et la Vie,Carl Gustav Jung,un_chemin_spirituel
207,Psychologie de l'inconscient (1916),Carl Gustav Jung,un_chemin_spirituel
208,L'Âme et le Soi,Carl Gustav Jung,un_chemin_spirituel
209,Present et avenir,Carl Gustav Jung,un_chemin_spirituel
210,Psychologie du Yoga de la kundalini,Carl Gustav Jung,un_chemin_spirituel
211,Essai d'exploration de l'inconscient (1964),Carl Gustav Jung,un_chemin_spirituel
212,Le recouvrement d'âme ou le chamanisme au secours de la psychologie,Sandra Ingerman,un_chemin_spirituel
213,Médecine pour la terre,Sandra Ingerman,un_chemin_spirituel
214,Pour une psychologie du futur : le potentiel de guérison des états modifiés de conscience,Stanislav Grof,un_chemin_spirituel
215,Psychologie transpersonnelle,Stanislav Grof,un_chemin_spirituel
216,Voir (1971),Carlos Castaneda,un_chemin_spirituel
217,La Force du silence,Carlos Castaneda,un_chemin_spirituel
218,Sigmund Freud (1932),Stefan Zweig,un_chemin_spirituel
219,Introduction à la psychanalyse (1917),Sigmund Freud,un_chemin_spirituel
220,L'Herbe du diable et la petite fumée (1968),Carlos Castaneda,un_chemin_spirituel
221,Le Serpent cosmique (1998),Jeremy Narby,un_chemin_spirituel
222,La Perception du changement (1911),Henri Bergson,un_chemin_spirituel
223,L'Énergie spirituelle (1919),Henri Bergson,un_chemin_spirituel
224,Matière et mémoire (1896),Henri Bergson,un_chemin_spirituel
225,Essai sur les données immédiates de la conscience - Chapitre 2,"['Henri Bergson', 'Raphaël Ehrsam']",un_chemin_spirituel
226,L'Âme et le Corps (1912),Henri Bergson,un_chemin_spirituel
227,La Pensée et le Mouvant (1934),Henri Bergson,un_chemin_spirituel
228,Essai sur les données immédiates de la conscience (1889),Henri Bergson,un_chemin_spirituel
229,L'éveil de la kundalini,Marc-Alain Descamps,un_chemin_spirituel
230,le Tantra Horizon sacré de la relation (2011),"['Jacques Lucas', 'Marisa Ortolan']",un_chemin_spirituel
231,L'Âme du monde (2012),Frédéric Lenoir,un_chemin_spirituel
232,Le Livre tibétain de la vie et de la mort (1992),Sogyal Rinpoché,un_chemin_spirituel
233,La Vie secrète des arbres (2015),Peter Wohlleben,un_chemin_spirituel
234,Tantra yoga,Daniel Odier,un_chemin_spirituel
235,Les nouvelles dimensions de la conscience,Stanislav Grof,un_chemin_spirituel
236,Thérapie existentielle (1980),Irvin Yalom,un_chemin_spirituel
237,Les Nourritures affectives (1993),Boris Cyrulnik,un_chemin_spirituel
238,Le Livre noir de la psychanalyse,"['Jacques Van Rillaer', 'Didier Pleux', 'Jean Cottraux', 'Mikkel Borch-Jacobsen', 'Catherine Meyer']",un_chemin_spirituel
239,Spinoza avait raison (2003),António R. Damásio,un_chemin_spirituel
240,Naissance de la clinique (1963),Michel Foucault,un_chemin_spirituel
241,La Société punitive (1973),Michel Foucault,un_chemin_spirituel
242,Droit de mort et pouvoir sur la vie (2006),Michel Foucault,un_chemin_spirituel
243,Maladie mentale et psychologie (1962),Michel Foucault,un_chemin_spirituel
244,L'Ordre du discours (1971),Michel Foucault,un_chemin_spirituel
245,Préface à la transgression (1963),Michel Foucault,un_chemin_spirituel
246,Une fenêtre sur les rêves : Neuropathologie et pathologies du sommeil,Isabelle Arnulf,un_chemin_spirituel
247,L'énergie des chakras,Susan Shumsky,un_chemin_spirituel
248,Miracle Morning (2012),Hal Elrod,un_chemin_spirituel
249,Se libérer du connu (1969),Jiddu Krishnamurti,un_chemin_spirituel
250,Briller de sa propre lumière,Jiddu Krishnamurti,un_chemin_spirituel
251,De l'amour et de la solitude (1993),Jiddu Krishnamurti,un_chemin_spirituel
252,Cette lumière en nous (1999),Jiddu Krishnamurti,un_chemin_spirituel
253,La Vie des plantes (2016),Emanuele Coccia,un_chemin_spirituel
254,Ame de sorcière,Odile Chabrillac,un_chemin_spirituel
255,Éloge de la faiblesse (1999),Alexandre Jollien,un_chemin_spirituel
256,La Révolution d'un seul brin de paille (1975),Masanobu Fukuoka,un_chemin_spirituel
257,Apprivoiser son ombre (2011),Jean Monbourquette,un_chemin_spirituel
258,Les Portes de la perception,Aldous Huxley,un_chemin_spirituel
259,La Bhagavad-Gîtâ,[],la_bibliotheque_ideale_4_selon_pacome_thiellement
260,Aurélia (1855),Gérard de Nerval,la_bibliotheque_ideale_4_selon_pacome_thiellement
261,Rêves et séries américaines,Sarah Hatchuel,la_bibliotheque_ideale_4_selon_pacome_thiellement
262,Vente à la criée du lot 49 (1966),Thomas Pynchon,la_bibliotheque_ideale_4_selon_pacome_thiellement
263,Le Livre du dedans,Djalâl Al-Dîn Rûmi,la_bibliotheque_ideale_4_selon_pacome_thiellement
264,Ubik (1969),Philip K. Dick,la_bibliotheque_ideale_4_selon_pacome_thiellement
265,Mémoires d'un névropathe,Daniel Paul Schreber,la_bibliotheque_ideale_4_selon_pacome_thiellement
266,Les Aventures d'Alice au pays des merveilles (1865),Lewis Carroll,la_bibliotheque_ideale_4_selon_pacome_thiellement
267,Voir (1971),Carlos Castaneda,la_bibliotheque_ideale_4_selon_pacome_thiellement
268,Lipstick Traces (1989),Greil Marcus,la_bibliotheque_ideale_4_selon_pacome_thiellement
269,Le Grand Jeu,"['Roger Gilbert-Lecomte', 'René Daumal']",la_bibliotheque_ideale_4_selon_pacome_thiellement
270,Le Règne de la quantité et les signes des temps (1945),René Guénon,la_bibliotheque_ideale_4_selon_pacome_thiellement
271,Éthique du mikado (2015),Sarah Chiche,la_bibliotheque_ideale_4_selon_pacome_thiellement
272,The Sonnets (1609),William Shakespeare,la_bibliotheque_ideale_4_selon_pacome_thiellement
273,La nuit je suis Buffy Summers,Chloé Delaume,la_bibliotheque_ideale_4_selon_pacome_thiellement
274,Illuminations (1886),Arthur Rimbaud,la_bibliotheque_ideale_4_selon_pacome_thiellement
275,Œuvre complète,Tchouang-Tseu,la_bibliotheque_ideale_4_selon_pacome_thiellement
276,"Ayn Rand, femme capital",Stéphane Legrand,la_bibliotheque_ideale_4_selon_pacome_thiellement
277,Pourquoi nous sommes morts,Bertrand Delcour,la_bibliotheque_ideale_4_selon_pacome_thiellement
278,Perceval ou le Conte du Graal (1180),Chrétien de Troyes,la_bibliotheque_ideale_4_selon_pacome_thiellement
279,Les Jours et les Nuits (1897),Alfred Jarry,la_bibliotheque_ideale_4_selon_pacome_thiellement
280,L'Évangile de Thomas,[],la_bibliotheque_ideale_4_selon_pacome_thiellement
281,Le Livre de Monelle (1894),Marcel Schwob,la_bibliotheque_ideale_4_selon_pacome_thiellement
282,De l'autre côté du miroir (1871),Lewis Carroll,la_bibliotheque_ideale_4_selon_pacome_thiellement
283,La gloire d'Hara-Kiri (2013),François Cavanna,la_bibliotheque_ideale_4_selon_pacome_thiellement
284,L'Éthique (1677),Baruch Spinoza,la_bibliotheque_ideale_4_selon_pacome_thiellement
285,Le thriller érotique,Linda Belhadj,la_bibliotheque_ideale_4_selon_pacome_thiellement
286,Le Livre de la sagesse orientale,Shihâboddîn Yahya Sohravardî,la_bibliotheque_ideale_4_selon_pacome_thiellement
287,Fêtes à travers les âges,Pierre Gordon,la_bibliotheque_ideale_4_selon_pacome_thiellement
288,Nietzsche et l'ombre de Dieu,Didier Franck,la_bibliotheque_ideale_4_selon_pacome_thiellement
289,Pourquoi je n'ai pas écrit de film sur Sitting Bull,Claire Barré,la_bibliotheque_ideale_4_selon_pacome_thiellement
290,Dogra Magra (1936),Kyûsaku Yumeno,la_bibliotheque_ideale_4_selon_pacome_thiellement
291,Le Cantique des Oiseaux,"['Farīd al-Dīn Aṭṭār', 'Leili Anvar']",la_bibliotheque_ideale_4_selon_pacome_thiellement
292,Les androïdes rêvent-ils de moutons électriques ? (1968),Philip K. Dick,la_bibliotheque_ideale_4_selon_pacome_thiellement
293,Le cantique qui est à Gabrielle,Christian Gabrielle Guez Ricord,la_bibliotheque_ideale_4_selon_pacome_thiellement
294,L'Avancée de la nuit,Jakuta Alikavazovic,la_bibliotheque_ideale_4_selon_pacome_thiellement
295,Bob Dylan by Greil Marcus,Greil Marcus,la_bibliotheque_ideale_4_selon_pacome_thiellement
296,L'Évangile de Marie,Marie de Magdala,la_bibliotheque_ideale_4_selon_pacome_thiellement
297,La maison humaine et son origine sacrée,Pierre Gordon,la_bibliotheque_ideale_4_selon_pacome_thiellement
298,Le Dieu séparé,Simone Pétrement,la_bibliotheque_ideale_4_selon_pacome_thiellement
299,"J'ai tué le fils du chef - Affaire Grégory, le roman de la Vologne 1984-2018",Denis Robert,la_bibliotheque_ideale_4_selon_pacome_thiellement
300,Les Enténébrés,Sarah Chiche,la_bibliotheque_ideale_4_selon_pacome_thiellement
301,La fin de l'ésoterisme,Raymond Abellio,la_bibliotheque_ideale_4_selon_pacome_thiellement
302,The Gnostic Gospels,Elaine Pagels,la_bibliotheque_ideale_4_selon_pacome_thiellement
303,La secrète,Christian Gabrielle Guez Ricord,la_bibliotheque_ideale_4_selon_pacome_thiellement
304,Dialectique de la pop (2018),Agnès Gayraud,la_bibliotheque_ideale_4_selon_pacome_thiellement
305,Le mystère john lennon,L. Mc Laren,la_bibliotheque_ideale_4_selon_pacome_thiellement
306,Sorcières (2018),Mona Chollet,la_bibliotheque_ideale_4_selon_pacome_thiellement
307,L'Imagination créatrice dans le soufisme d'Ibn'Arabi (2006),Henry Corbin,la_bibliotheque_ideale_4_selon_pacome_thiellement
308,Frank Zappa ou l'Amérique en déshabillé,Guy Darol,la_bibliotheque_ideale_4_selon_pacome_thiellement
309,Jimi Hendrix - Vie et légende,"['M.C. Shaar', 'Charles Shaar Murray']",la_bibliotheque_ideale_4_selon_pacome_thiellement
310,Pataphysique (2002),Jean Baudrillard,la_bibliotheque_ideale_4_selon_pacome_thiellement
311,L'Échange impossible (1999),Jean Baudrillard,la_bibliotheque_ideale_4_selon_pacome_thiellement
312,Mes Moires (2019),"['Jean-Pierre Dionnet', 'Christophe Quillien']",la_bibliotheque_ideale_4_selon_pacome_thiellement
313,Le Tour d'écrou (1898),Henry James,la_bibliotheque_ideale_4_selon_pacome_thiellement
314,Mes bien chères soeurs (2019),Chloé Delaume,la_bibliotheque_ideale_4_selon_pacome_thiellement
315,L'exégèse,Philip K. Dick,la_bibliotheque_ideale_4_selon_pacome_thiellement
316,Oeuvres poétiques complètes (1866),Paul Verlaine,la_bibliotheque_ideale_4_selon_pacome_thiellement
317,"Crève, ducon ! (2020)",François Cavanna,la_bibliotheque_ideale_4_selon_pacome_thiellement
318,Mémoires,Siné,la_bibliotheque_ideale_4_selon_pacome_thiellement
319,Enterre mon cœur à Wounded Knee,Dee Brown,la_bibliotheque_ideale_4_selon_pacome_thiellement
320,Saturne (2020),Sarah Chiche,la_bibliotheque_ideale_4_selon_pacome_thiellement
321,Kétamine (2020),Zoé Sagan,la_bibliotheque_ideale_4_selon_pacome_thiellement
322,Le Cœur synthétique (2020),Chloé Delaume,la_bibliotheque_ideale_4_selon_pacome_thiellement
323,L'Evangile selon Nick Cave : Le Gospel de l'âge du fer rouillé (2020),Arthur-Louis Cingualte,la_bibliotheque_ideale_4_selon_pacome_thiellement
324,Cannonball,Sylvia Hansel,la_bibliotheque_ideale_4_selon_pacome_thiellement
